pid,title,published_date,event_date,url
13022,115年6月28日天然災害停止辦公及上課情形,2026-06-29,2026-06-28,https://www.dgpa.gov.tw/information?uid=374&pid=13022
13021,115年6月27日天然災害停止辦公及上課情形,2026-06-29,2026-06-27,https://www.dgpa.gov.tw/information?uid=374&pid=13021
13020,115年6月26日天然災害停止辦公及上課情形,2026-06-29,2026-06-26,https://www.dgpa.gov.tw/information?uid=374&pid=13020
13019,115年6月25日天然災害停止辦公及上課情形,2026-06-26,2026-06-25,https://www.dgpa.gov.tw/information?uid=374&pid=13019
13009,115年6月15日天然災害停止辦公及上課情形,2026-06-16,2026-06-15,https://www.dgpa.gov.tw/information?uid=374&pid=13009
13007,115年6月10日天然災害停止辦公及上課情形,2026-06-11,2026-06-10,https://www.dgpa.gov.tw/information?uid=374&pid=13007
13005,115年6月9日天然災害停止辦公及上課情形,2026-06-10,2026-06-09,https://www.dgpa.gov.tw/information?uid=374&pid=13005
12928,115年4月4日天然災害停止辦公及上課情形,2026-04-07,2026-04-04,https://www.dgpa.gov.tw/information?uid=374&pid=12928
12750,114年11月14日天然災害停止辦公及上課情形,2025-11-18,2025-11-14,https://www.dgpa.gov.tw/information?uid=374&pid=12750
12746,114年11月13日天然災害停止辦公及上課情形,2025-11-14,2025-11-13,https://www.dgpa.gov.tw/information?uid=374&pid=12746
12744,114年11月12日天然災害停止辦公及上課情形,2025-11-13,2025-11-12,https://www.dgpa.gov.tw/information?uid=374&pid=12744
12740,114年11月11日天然災害停止辦公及上課情形,2025-11-12,2025-11-11,https://www.dgpa.gov.tw/information?uid=374&pid=12740
12739,114年11月10日天然災害停止辦公及上課情形,2025-11-12,2025-11-10,https://www.dgpa.gov.tw/information?uid=374&pid=12739
12724,114年10月28日天然災害停止辦公及上課情形,2025-10-29,2025-10-28,https://www.dgpa.gov.tw/information?uid=374&pid=12724
12722,114年10月27日天然災害停止辦公及上課情形,2025-10-28,2025-10-27,https://www.dgpa.gov.tw/information?uid=374&pid=12722
12720,114年10月26日天然災害停止辦公及上課情形,2025-10-27,2025-10-26,https://www.dgpa.gov.tw/information?uid=374&pid=12720
12719,114年10月25日天然災害停止辦公及上課情形,2025-10-27,2025-10-25,https://www.dgpa.gov.tw/information?uid=374&pid=12719
12718,114年10月24日天然災害停止辦公及上課情形,2025-10-27,2025-10-24,https://www.dgpa.gov.tw/information?uid=374&pid=12718
12717,114年10月23日天然災害停止辦公及上課情形,2025-10-27,2025-10-23,https://www.dgpa.gov.tw/information?uid=374&pid=12717
12716,114年10月22日天然災害停止辦公及上課情形,2025-10-23,2025-10-22,https://www.dgpa.gov.tw/information?uid=374&pid=12716
12714,114年10月21日天然災害停止辦公及上課情形,2025-10-22,2025-10-21,https://www.dgpa.gov.tw/information?uid=374&pid=12714
12713,114年10月20日天然災害停止辦公及上課情形,2025-10-21,2025-10-20,https://www.dgpa.gov.tw/information?uid=374&pid=12713
12709,114年10月19日天然災害停止辦公及上課情形,2025-10-20,2025-10-19,https://www.dgpa.gov.tw/information?uid=374&pid=12709
12708,114年10月18日天然災害停止辦公及上課情形,2025-10-20,2025-10-18,https://www.dgpa.gov.tw/information?uid=374&pid=12708
12692,114年10月6日天然災害停止辦公及上課情形,2025-10-07,2025-10-06,https://www.dgpa.gov.tw/information?uid=374&pid=12692
12691,114年10月5日天然災害停止辦公及上課情形,2025-10-07,2025-10-05,https://www.dgpa.gov.tw/information?uid=374&pid=12691
12690,114年10月4日天然災害停止辦公及上課情形,2025-10-07,2025-10-04,https://www.dgpa.gov.tw/information?uid=374&pid=12690
12689,114年10月3日天然災害停止辦公及上課情形,2025-10-07,2025-10-03,https://www.dgpa.gov.tw/information?uid=374&pid=12689
12687,114年10月2日天然災害停止辦公及上課情形,2025-10-03,2025-10-02,https://www.dgpa.gov.tw/information?uid=374&pid=12687
12684,114年10月1日天然災害停止辦公及上課情形,2025-10-02,2025-10-01,https://www.dgpa.gov.tw/information?uid=374&pid=12684
12682,114年9月30日天然災害停止辦公及上課情形,2025-10-01,2025-09-30,https://www.dgpa.gov.tw/information?uid=374&pid=12682
12681,114年9月29日天然災害停止辦公及上課情形,2025-09-30,2025-09-29,https://www.dgpa.gov.tw/information?uid=374&pid=12681
12680,114年9月28日天然災害停止辦公及上課情形,2025-09-30,2025-09-28,https://www.dgpa.gov.tw/information?uid=374&pid=12680
12679,114年9月27日天然災害停止辦公及上課情形,2025-09-30,2025-09-27,https://www.dgpa.gov.tw/information?uid=374&pid=12679
12678,114年9月26日天然災害停止辦公及上課情形,2025-09-30,2025-09-26,https://www.dgpa.gov.tw/information?uid=374&pid=12678
12676,114年9月25日天然災害停止辦公及上課情形,2025-09-26,2025-09-25,https://www.dgpa.gov.tw/information?uid=374&pid=12676
12673,114年9月24日天然災害停止辦公及上課情形,2025-09-25,2025-09-24,https://www.dgpa.gov.tw/information?uid=374&pid=12673
12672,114年9月23日天然災害停止辦公及上課情形,2025-09-24,2025-09-23,https://www.dgpa.gov.tw/information?uid=374&pid=12672
12670,114年9月22日天然災害停止辦公及上課情形,2025-09-23,2025-09-22,https://www.dgpa.gov.tw/information?uid=374&pid=12670
12669,114年9月21日天然災害停止辦公及上課情形,2025-09-22,2025-09-21,https://www.dgpa.gov.tw/information?uid=374&pid=12669
12652,114年8月23日天然災害停止辦公及上課情形,2025-08-25,2025-08-23,https://www.dgpa.gov.tw/information?uid=374&pid=12652
12651,114年8月22日天然災害停止辦公及上課情形,2025-08-25,2025-08-22,https://www.dgpa.gov.tw/information?uid=374&pid=12651
12650,114年8月21日天然災害停止辦公及上課情形,2025-08-22,2025-08-21,https://www.dgpa.gov.tw/information?uid=374&pid=12650
12647,114年8月14日天然災害停止辦公及上課情形,2025-08-15,2025-08-14,https://www.dgpa.gov.tw/information?uid=374&pid=12647
12646,114年8月13日天然災害停止辦公及上課情形,2025-08-14,2025-08-13,https://www.dgpa.gov.tw/information?uid=374&pid=12646
12637,114年8月12日天然災害停止辦公及上課情形,2025-08-13,2025-08-12,https://www.dgpa.gov.tw/information?uid=374&pid=12637
12632,114年8月7日天然災害停止辦公及上課情形,2025-08-08,2025-08-07,https://www.dgpa.gov.tw/information?uid=374&pid=12632
12631,114年8月6日天然災害停止辦公及上課情形,2025-08-07,2025-08-06,https://www.dgpa.gov.tw/information?uid=374&pid=12631
12630,114年8月5日天然災害停止辦公及上課情形,2025-08-06,2025-08-05,https://www.dgpa.gov.tw/information?uid=374&pid=12630
12628,114年8月4日天然災害停止辦公及上課情形,2025-08-05,2025-08-04,https://www.dgpa.gov.tw/information?uid=374&pid=12628
12627,114年8月3日天然災害停止辦公及上課情形,2025-08-04,2025-08-03,https://www.dgpa.gov.tw/information?uid=374&pid=12627
12626,114年8月2日天然災害停止辦公及上課情形,2025-08-04,2025-08-02,https://www.dgpa.gov.tw/information?uid=374&pid=12626
12625,114年8月1日天然災害停止辦公及上課情形,2025-08-04,2025-08-01,https://www.dgpa.gov.tw/information?uid=374&pid=12625
12624,114年7月31日天然災害停止辦公及上課情形,2025-08-01,2025-07-31,https://www.dgpa.gov.tw/information?uid=374&pid=12624
12622,114年7月30日天然災害停止辦公及上課情形,2025-07-31,2025-07-30,https://www.dgpa.gov.tw/information?uid=374&pid=12622
12620,114年7月29日天然災害停止辦公及上課情形,2025-07-30,2025-07-29,https://www.dgpa.gov.tw/information?uid=374&pid=12620
12619,114年7月28日天然災害停止辦公及上課情形,2025-07-29,2025-07-28,https://www.dgpa.gov.tw/information?uid=374&pid=12619
12612,114年7月21日天然災害停止辦公及上課情形,2025-07-22,2025-07-21,https://www.dgpa.gov.tw/information?uid=374&pid=12612
12611,114年7月15日天然災害停止辦公及上課情形,2025-07-22,2025-07-15,https://www.dgpa.gov.tw/information?uid=374&pid=12611
12609,114年7月14日天然災害停止辦公及上課情形,2025-07-15,2025-07-14,https://www.dgpa.gov.tw/information?uid=374&pid=12609
12607,114年7月13日天然災害停止辦公及上課情形,2025-07-14,2025-07-13,https://www.dgpa.gov.tw/information?uid=374&pid=12607
12606,114年7月11日天然災害停止辦公及上課情形,2025-07-14,2025-07-11,https://www.dgpa.gov.tw/information?uid=374&pid=12606
12602,114年7月10日天然災害停止辦公及上課情形,2025-07-11,2025-07-10,https://www.dgpa.gov.tw/information?uid=374&pid=12602
12600,114年7月9日天然災害停止辦公及上課情形,2025-07-10,2025-07-09,https://www.dgpa.gov.tw/information?uid=374&pid=12600
12597,114年7月8日天然災害停止辦公及上課情形,2025-07-09,2025-07-08,https://www.dgpa.gov.tw/information?uid=374&pid=12597
12594,114年7月7日天然災害停止辦公及上課情形,2025-07-08,2025-07-07,https://www.dgpa.gov.tw/information?uid=374&pid=12594
12593,114年7月6日天然災害停止辦公及上課情形,2025-07-07,2025-07-06,https://www.dgpa.gov.tw/information?uid=374&pid=12593
12592,114年7月5日天然災害停止辦公及上課情形,2025-07-07,2025-07-05,https://www.dgpa.gov.tw/information?uid=374&pid=12592
12577,114年6月13日天然災害停止辦公及上課情形,2025-06-16,2025-06-13,https://www.dgpa.gov.tw/information?uid=374&pid=12577
12458,114年5月21日天然災害停止辦公及上課情形,2025-05-22,2025-05-21,https://www.dgpa.gov.tw/information?uid=374&pid=12458
12449,114年5月19日天然災害停止辦公及上課情形,2025-05-20,2025-05-19,https://www.dgpa.gov.tw/information?uid=374&pid=12449
12333,114年3月18日天然災害停止辦公及上課情形,2025-03-18,2025-03-18,https://www.dgpa.gov.tw/information?uid=374&pid=12333
12275,114年1月21日天然災害停止辦公及上課情形,2025-01-22,2025-01-21,https://www.dgpa.gov.tw/information?uid=374&pid=12275
12189,113年11月16日天然災害停止辦公及上課情形,2024-11-18,2024-11-16,https://www.dgpa.gov.tw/information?uid=374&pid=12189
12188,113年11月15日天然災害停止辦公及上課情形,2024-11-18,2024-11-15,https://www.dgpa.gov.tw/information?uid=374&pid=12188
12185,113年11月14日天然災害停止辦公及上課情形,2024-11-15,2024-11-14,https://www.dgpa.gov.tw/information?uid=374&pid=12185
12182,113年11月12日天然災害停止辦公及上課情形,2024-11-13,2024-11-12,https://www.dgpa.gov.tw/information?uid=374&pid=12182
12177,113年11月5日天然災害停止辦公及上課情形,2024-11-06,2024-11-05,https://www.dgpa.gov.tw/information?uid=374&pid=12177
12176,113年11月4日天然災害停止辦公及上課情形,2024-11-05,2024-11-04,https://www.dgpa.gov.tw/information?uid=374&pid=12176
12175,113年11月3日天然災害停止辦公及上課情形,2024-11-04,2024-11-03,https://www.dgpa.gov.tw/information?uid=374&pid=12175
12174,113年11月2日天然災害停止辦公及上課情形,2024-11-04,2024-11-02,https://www.dgpa.gov.tw/information?uid=374&pid=12174
12173,113年11月1日天然災害停止辦公及上課情形,2024-11-04,2024-11-01,https://www.dgpa.gov.tw/information?uid=374&pid=12173
12171,113年10月31日天然災害停止辦公及上課情形,2024-11-01,2024-10-31,https://www.dgpa.gov.tw/information?uid=374&pid=12171
12170,113年10月30日天然災害停止辦公及上課情形,2024-11-01,2024-10-30,https://www.dgpa.gov.tw/information?uid=374&pid=12170
12169,113年10月29日天然災害停止辦公及上課情形,2024-11-01,2024-10-29,https://www.dgpa.gov.tw/information?uid=374&pid=12169
12164,113年10月25日天然災害停止辦公及上課情形,2024-10-28,2024-10-25,https://www.dgpa.gov.tw/information?uid=374&pid=12164
12162,113年10月24日天然災害停止辦公及上課情形,2024-10-25,2024-10-24,https://www.dgpa.gov.tw/information?uid=374&pid=12162
12149,113年10月5日天然災害停止辦公及上課情形,2024-10-07,2024-10-05,https://www.dgpa.gov.tw/information?uid=374&pid=12149
12148,113年10月4日天然災害停止辦公及上課情形,2024-10-07,2024-10-04,https://www.dgpa.gov.tw/information?uid=374&pid=12148
12147,113年10月3日天然災害停止辦公及上課情形,2024-10-04,2024-10-03,https://www.dgpa.gov.tw/information?uid=374&pid=12147
12146,113年10月2日天然災害停止辦公及上課情形,2024-10-04,2024-10-02,https://www.dgpa.gov.tw/information?uid=374&pid=12146
12145,113年10月1日天然災害停止辦公及上課情形,2024-10-04,2024-10-01,https://www.dgpa.gov.tw/information?uid=374&pid=12145
12144,113年9月30日天然災害停止辦公及上課情形,2024-10-01,2024-09-30,https://www.dgpa.gov.tw/information?uid=374&pid=12144
12142,113年9月29日天然災害停止辦公及上課情形,2024-09-30,2024-09-29,https://www.dgpa.gov.tw/information?uid=374&pid=12142
12031,113年9月9日天然災害停止辦公及上課情形,2024-09-10,2024-09-09,https://www.dgpa.gov.tw/information?uid=374&pid=12031
12029,113年9月8日天然災害停止辦公及上課情形,2024-09-09,2024-09-08,https://www.dgpa.gov.tw/information?uid=374&pid=12029
12007,113年8月8日天然災害停止辦公及上課情形,2024-08-09,2024-08-08,https://www.dgpa.gov.tw/information?uid=374&pid=12007
12003,113年8月5日天然災害停止辦公及上課情形,2024-08-06,2024-08-05,https://www.dgpa.gov.tw/information?uid=374&pid=12003
12002,113年8月4日天然災害停止辦公及上課情形,2024-08-05,2024-08-04,https://www.dgpa.gov.tw/information?uid=374&pid=12002
12001,113年8月3日天然災害停止辦公及上課情形,2024-08-05,2024-08-03,https://www.dgpa.gov.tw/information?uid=374&pid=12001
12000,113年8月2日天然災害停止辦公及上課情形,2024-08-05,2024-08-02,https://www.dgpa.gov.tw/information?uid=374&pid=12000
11999,113年8月1日天然災害停止辦公及上課情形,2024-08-05,2024-08-01,https://www.dgpa.gov.tw/information?uid=374&pid=11999
11997,113年7月31日天然災害停止辦公及上課情形,2024-08-01,2024-07-31,https://www.dgpa.gov.tw/information?uid=374&pid=11997
11996,113年7月30日天然災害停止辦公及上課情形,2024-07-31,2024-07-30,https://www.dgpa.gov.tw/information?uid=374&pid=11996
11993,113年7月29日天然災害停止辦公及上課情形,2024-07-30,2024-07-29,https://www.dgpa.gov.tw/information?uid=374&pid=11993
11992,113年7月28日天然災害停止辦公及上課情形,2024-07-29,2024-07-28,https://www.dgpa.gov.tw/information?uid=374&pid=11992
11991,113年7月27日天然災害停止辦公及上課情形,2024-07-29,2024-07-27,https://www.dgpa.gov.tw/information?uid=374&pid=11991
11990,113年7月26日天然災害停止辦公及上課情形,2024-07-29,2024-07-26,https://www.dgpa.gov.tw/information?uid=374&pid=11990
11989,113年7月25日天然災害停止辦公及上課情形,2024-07-26,2024-07-25,https://www.dgpa.gov.tw/information?uid=374&pid=11989
11988,113年7月24日天然災害停止辦公及上課情形,2024-07-26,2024-07-24,https://www.dgpa.gov.tw/information?uid=374&pid=11988
11987,113年7月23日天然災害停止辦公及上課情形,2024-07-26,2024-07-23,https://www.dgpa.gov.tw/information?uid=374&pid=11987
11975,113年7月2日天然災害停止辦公及上課情形,2024-07-04,2024-07-02,https://www.dgpa.gov.tw/information?uid=374&pid=11975
11932,113年4月26日天然災害停止辦公及上課情形,2024-04-29,2024-04-26,https://www.dgpa.gov.tw/information?uid=374&pid=11932
11929,113年4月25日天然災害停止辦公及上課情形,2024-04-26,2024-04-25,https://www.dgpa.gov.tw/information?uid=374&pid=11929
11914,113年4月24日天然災害停止辦公及上課情形,2024-04-25,2024-04-24,https://www.dgpa.gov.tw/information?uid=374&pid=11914
11913,113年4月23日天然災害停止辦公及上課情形,2024-04-24,2024-04-23,https://www.dgpa.gov.tw/information?uid=374&pid=11913
11910,113年4月22日天然災害停止辦公及上課情形,2024-04-23,2024-04-22,https://www.dgpa.gov.tw/information?uid=374&pid=11910
11909,113年4月21日天然災害停止辦公及上課情形,2024-04-22,2024-04-21,https://www.dgpa.gov.tw/information?uid=374&pid=11909
11908,113年4月20日天然災害停止辦公及上課情形,2024-04-22,2024-04-20,https://www.dgpa.gov.tw/information?uid=374&pid=11908
11907,113年4月19日天然災害停止辦公及上課情形,2024-04-22,2024-04-19,https://www.dgpa.gov.tw/information?uid=374&pid=11907
11906,113年4月18日天然災害停止辦公及上課情形,2024-04-22,2024-04-18,https://www.dgpa.gov.tw/information?uid=374&pid=11906
11901,113年4月17日天然災害停止辦公及上課情形,2024-04-18,2024-04-17,https://www.dgpa.gov.tw/information?uid=374&pid=11901
11899,113年4月16日天然災害停止辦公及上課情形,2024-04-17,2024-04-16,https://www.dgpa.gov.tw/information?uid=374&pid=11899
11897,113年4月15日天然災害停止辦公及上課情形,2024-04-16,2024-04-15,https://www.dgpa.gov.tw/information?uid=374&pid=11897
11894,113年4月14日天然災害停止辦公及上課情形,2024-04-15,2024-04-14,https://www.dgpa.gov.tw/information?uid=374&pid=11894
11893,113年4月13日天然災害停止辦公及上課情形,2024-04-15,2024-04-13,https://www.dgpa.gov.tw/information?uid=374&pid=11893
11892,113年4月12日天然災害停止辦公及上課情形,2024-04-15,2024-04-12,https://www.dgpa.gov.tw/information?uid=374&pid=11892
11891,113年4月11日天然災害停止辦公及上課情形,2024-04-15,2024-04-11,https://www.dgpa.gov.tw/information?uid=374&pid=11891
11890,113年4月10日天然災害停止辦公及上課情形,2024-04-15,2024-04-10,https://www.dgpa.gov.tw/information?uid=374&pid=11890
11889,113年4月9日天然災害停止辦公及上課情形,2024-04-15,2024-04-09,https://www.dgpa.gov.tw/information?uid=374&pid=11889
11882,113年4月8日天然災害停止辦公及上課情形,2024-04-09,2024-04-08,https://www.dgpa.gov.tw/information?uid=374&pid=11882
11880,113年4月7日天然災害停止辦公及上課情形,2024-04-08,2024-04-07,https://www.dgpa.gov.tw/information?uid=374&pid=11880
11879,113年4月6日天然災害停止辦公及上課情形,2024-04-08,2024-04-06,https://www.dgpa.gov.tw/information?uid=374&pid=11879
11878,113年4月5日天然災害停止辦公及上課情形,2024-04-08,2024-04-05,https://www.dgpa.gov.tw/information?uid=374&pid=11878
11877,113年4月4日天然災害停止辦公及上課情形,2024-04-08,2024-04-04,https://www.dgpa.gov.tw/information?uid=374&pid=11877
11876,113年4月3日天然災害停止辦公及上課情形,2024-04-08,2024-04-03,https://www.dgpa.gov.tw/information?uid=374&pid=11876
11781,113年1月24日天然災害停止辦公及上課情形,2024-01-25,2024-01-24,https://www.dgpa.gov.tw/information?uid=374&pid=11781
11780,113年1月23日天然災害停止辦公及上課情形,2024-01-24,2024-01-23,https://www.dgpa.gov.tw/information?uid=374&pid=11780
11779,113年1月22日天然災害停止辦公及上課情形,2024-01-23,2024-01-22,https://www.dgpa.gov.tw/information?uid=374&pid=11779
11594,112年10月6日天然災害停止辦公及上課情形,2023-10-25,2023-10-06,https://www.dgpa.gov.tw/information?uid=374&pid=11594
11547,112年10月5日天然災害停止辦公及上課情形,2023-10-06,2023-10-05,https://www.dgpa.gov.tw/information?uid=374&pid=11547
11545,112年10月4日天然災害停止辦公及上課情形,2023-10-05,2023-10-04,https://www.dgpa.gov.tw/information?uid=374&pid=11545
11528,112年9月11日天然災害停止辦公及上課情形,2023-09-13,2023-09-11,https://www.dgpa.gov.tw/information?uid=374&pid=11528
11526,112年9月10日天然災害停止辦公及上課情形,2023-09-11,2023-09-10,https://www.dgpa.gov.tw/information?uid=374&pid=11526
11525,112年9月7日天然災害停止辦公及上課情形,2023-09-08,2023-09-07,https://www.dgpa.gov.tw/information?uid=374&pid=11525
11522,112年9月6日天然災害停止辦公及上課情形,2023-09-07,2023-09-06,https://www.dgpa.gov.tw/information?uid=374&pid=11522
11521,112年9月5日天然災害停止辦公及上課情形,2023-09-06,2023-09-05,https://www.dgpa.gov.tw/information?uid=374&pid=11521
11520,112年9月4日天然災害停止辦公及上課情形,2023-09-05,2023-09-04,https://www.dgpa.gov.tw/information?uid=374&pid=11520
11518,112年9月3日天然災害停止辦公及上課情形,2023-09-04,2023-09-03,https://www.dgpa.gov.tw/information?uid=374&pid=11518
11517,112年9月2日天然災害停止辦公及上課情形,2023-09-04,2023-09-02,https://www.dgpa.gov.tw/information?uid=374&pid=11517
11513,112年8月31日天然災害停止辦公及上課情形,2023-09-01,2023-08-31,https://www.dgpa.gov.tw/information?uid=374&pid=11513
11512,112年8月30日天然災害停止辦公及上課情形,2023-08-31,2023-08-30,https://www.dgpa.gov.tw/information?uid=374&pid=11512
11509,112年8月29日天然災害停止辦公及上課情形,2023-08-30,2023-08-29,https://www.dgpa.gov.tw/information?uid=374&pid=11509
11497,112年8月23日天然災害停止辦公及上課情形,2023-08-28,2023-08-23,https://www.dgpa.gov.tw/information?uid=374&pid=11497
11493,112年8月17日天然災害停止辦公及上課情形,2023-08-18,2023-08-17,https://www.dgpa.gov.tw/information?uid=374&pid=11493
11489,112年8月13日天然災害停止辦公及上課情形,2023-08-14,2023-08-13,https://www.dgpa.gov.tw/information?uid=374&pid=11489
11488,112年8月12日天然災害停止辦公及上課情形,2023-08-14,2023-08-12,https://www.dgpa.gov.tw/information?uid=374&pid=11488
11487,112年8月11日天然災害停止辦公及上課情形,2023-08-14,2023-08-11,https://www.dgpa.gov.tw/information?uid=374&pid=11487
11485,112年8月10日天然災害停止辦公及上課情形,2023-08-11,2023-08-10,https://www.dgpa.gov.tw/information?uid=374&pid=11485
11478,112年8月9日天然災害停止辦公及上課情形,2023-08-10,2023-08-09,https://www.dgpa.gov.tw/information?uid=374&pid=11478
11477,112年8月8日天然災害停止辦公及上課情形,2023-08-10,2023-08-08,https://www.dgpa.gov.tw/information?uid=374&pid=11477
11476,112年8月7日天然災害停止辦公及上課情形,2023-08-08,2023-08-07,https://www.dgpa.gov.tw/information?uid=374&pid=11476
11474,112年8月6日天然災害停止辦公及上課情形,2023-08-07,2023-08-06,https://www.dgpa.gov.tw/information?uid=374&pid=11474
11473,112年8月5日天然災害停止辦公及上課情形,2023-08-07,2023-08-05,https://www.dgpa.gov.tw/information?uid=374&pid=11473
11472,112年8月4日天然災害停止辦公及上課情形,2023-08-07,2023-08-04,https://www.dgpa.gov.tw/information?uid=374&pid=11472
11469,112年8月3日天然災害停止辦公及上課情形,2023-08-04,2023-08-03,https://www.dgpa.gov.tw/information?uid=374&pid=11469
11468,112年8月2日天然災害停止辦公及上課情形,2023-08-04,2023-08-02,https://www.dgpa.gov.tw/information?uid=374&pid=11468
11466,112年7月28日天然災害停止辦公及上課情形,2023-07-31,2023-07-28,https://www.dgpa.gov.tw/information?uid=374&pid=11466
11465,112年7月27日天然災害停止辦公及上課情形,2023-07-28,2023-07-27,https://www.dgpa.gov.tw/information?uid=374&pid=11465
11463,112年7月26日天然災害停止辦公及上課情形,2023-07-27,2023-07-26,https://www.dgpa.gov.tw/information?uid=374&pid=11463
11462,112年7月25日天然災害停止辦公及上課情形,2023-07-25,2023-07-25,https://www.dgpa.gov.tw/information?uid=374&pid=11462
11405,112年5月31日天然災害停止辦公及上課情形,2023-06-01,2023-05-31,https://www.dgpa.gov.tw/information?uid=374&pid=11405
11403,112年5月30日天然災害停止辦公及上課情形,2023-05-31,2023-05-30,https://www.dgpa.gov.tw/information?uid=374&pid=11403
11394,112年5月19日天然災害停止辦公及上課情形,2023-05-19,2023-05-19,https://www.dgpa.gov.tw/information?uid=374&pid=11394
11391,112年4月20日天然災害停止辦公及上課情形,2023-04-20,2023-04-20,https://www.dgpa.gov.tw/information?uid=374&pid=11391
11154,111年10月31日天然災害停止辦公及上課情形,2022-11-01,2022-10-31,https://www.dgpa.gov.tw/information?uid=374&pid=11154
11130,111年10月16日天然災害停止辦公及上課情形,2022-10-17,2022-10-16,https://www.dgpa.gov.tw/information?uid=374&pid=11130
11125,111年10月8日天然災害停止辦公及上課情形,2022-10-11,2022-10-08,https://www.dgpa.gov.tw/information?uid=374&pid=11125
11124,111年10月7日天然災害停止辦公及上課情形,2022-10-11,2022-10-07,https://www.dgpa.gov.tw/information?uid=374&pid=11124
11110,111年9月19日天然災害停止辦公及上課情形,2022-09-20,2022-09-19,https://www.dgpa.gov.tw/information?uid=374&pid=11110
11109,111年9月18日天然災害停止辦公及上課情形,2022-09-19,2022-09-18,https://www.dgpa.gov.tw/information?uid=374&pid=11109
11099,111年9月13日天然災害停止辦公及上課情形,2022-09-14,2022-09-13,https://www.dgpa.gov.tw/information?uid=374&pid=11099
11097,111年9月12日天然災害停止辦公及上課情形,2022-09-13,2022-09-12,https://www.dgpa.gov.tw/information?uid=374&pid=11097
11091,111年9月11日天然災害停止辦公及上課情形,2022-09-12,2022-09-11,https://www.dgpa.gov.tw/information?uid=374&pid=11091
11087,111年9月5日天然災害停止辦公及上課情形,2022-09-06,2022-09-05,https://www.dgpa.gov.tw/information?uid=374&pid=11087
11086,111年9月4日天然災害停止辦公及上課情形,2022-09-05,2022-09-04,https://www.dgpa.gov.tw/information?uid=374&pid=11086
11085,111年9月3日天然災害停止辦公及上課情形,2022-09-05,2022-09-03,https://www.dgpa.gov.tw/information?uid=374&pid=11085
11084,111年9月2日天然災害停止辦公及上課情形,2022-09-05,2022-09-02,https://www.dgpa.gov.tw/information?uid=374&pid=11084
10767,110年10月14日天然災害停止辦公及上課情形,2021-10-15,2021-10-14,https://www.dgpa.gov.tw/information?uid=374&pid=10767
10765,110年10月13日天然災害停止辦公及上課情形,2021-10-14,2021-10-13,https://www.dgpa.gov.tw/information?uid=374&pid=10765
10763,110年10月12日天然災害停止辦公及上課情形,2021-10-13,2021-10-12,https://www.dgpa.gov.tw/information?uid=374&pid=10763
10762,110年10月11日天然災害停止辦公及上課情形,2021-10-12,2021-10-11,https://www.dgpa.gov.tw/information?uid=374&pid=10762
10744,110年9月14日天然災害停止辦公及上課情形,2021-09-16,2021-09-14,https://www.dgpa.gov.tw/information?uid=374&pid=10744
10742,110年9月13日天然災害停止辦公及上課情形,2021-09-14,2021-09-13,https://www.dgpa.gov.tw/information?uid=374&pid=10742
10738,110年9月12日天然災害停止辦公及上課情形,2021-09-13,2021-09-12,https://www.dgpa.gov.tw/information?uid=374&pid=10738
10737,110年9月11日天然災害停止辦公及上課情形,2021-09-13,2021-09-11,https://www.dgpa.gov.tw/information?uid=374&pid=10737
10735,110年9月10日天然災害停止辦公及上課情形,2021-09-11,2021-09-10,https://www.dgpa.gov.tw/information?uid=374&pid=10735
10709,110年8月11日天然災害停止辦公及上課情形,2021-08-12,2021-08-11,https://www.dgpa.gov.tw/information?uid=374&pid=10709
10708,110年8月10日天然災害停止辦公及上課情形,2021-08-11,2021-08-10,https://www.dgpa.gov.tw/information?uid=374&pid=10708
10707,110年8月9日天然災害停止辦公及上課情形,2021-08-10,2021-08-09,https://www.dgpa.gov.tw/information?uid=374&pid=10707
10706,110年8月8日天然災害停止辦公及上課情形,2021-08-09,2021-08-08,https://www.dgpa.gov.tw/information?uid=374&pid=10706
10705,110年8月7日天然災害停止辦公及上課情形,2021-08-09,2021-08-07,https://www.dgpa.gov.tw/information?uid=374&pid=10705
10704,110年8月6日天然災害停止辦公及上課情形,2021-08-09,2021-08-06,https://www.dgpa.gov.tw/information?uid=374&pid=10704
10703,110年8月5日天然災害停止辦公及上課情形,2021-08-06,2021-08-05,https://www.dgpa.gov.tw/information?uid=374&pid=10703
10701,110年8月2日天然災害停止辦公及上課情形,2021-08-03,2021-08-02,https://www.dgpa.gov.tw/information?uid=374&pid=10701
10700,110年8月1日天然災害停止辦公及上課情形,2021-08-02,2021-08-01,https://www.dgpa.gov.tw/information?uid=374&pid=10700
10699,110年7月31日天然災害停止辦公及上課情形,2021-08-02,2021-07-31,https://www.dgpa.gov.tw/information?uid=374&pid=10699
10697,110年7月24日天然災害停止辦公及上課情形,2021-07-26,2021-07-24,https://www.dgpa.gov.tw/information?uid=374&pid=10697
10696,110年7月23日天然災害停止辦公及上課情形,2021-07-26,2021-07-23,https://www.dgpa.gov.tw/information?uid=374&pid=10696
10695,110年7月22日天然災害停止辦公及上課情形,2021-07-23,2021-07-22,https://www.dgpa.gov.tw/information?uid=374&pid=10695
10677,110年6月24日天然災害停止辦公及上課情形,2021-06-25,2021-06-24,https://www.dgpa.gov.tw/information?uid=374&pid=10677
10672,110年6月22日天然災害停止辦公及上課情形,2021-06-23,2021-06-22,https://www.dgpa.gov.tw/information?uid=374&pid=10672
10670,110年6月21日天然災害停止辦公及上課情形,2021-06-22,2021-06-21,https://www.dgpa.gov.tw/information?uid=374&pid=10670
10658,110年6月4日天然災害停止辦公及上課情形,2021-06-07,2021-06-04,https://www.dgpa.gov.tw/information?uid=374&pid=10658
10657,110年6月3日天然災害停止辦公及上課情形,2021-06-04,2021-06-03,https://www.dgpa.gov.tw/information?uid=374&pid=10657
10640,110年4月13日天然災害停止辦公及上課情形,2021-05-06,2021-04-13,https://www.dgpa.gov.tw/information?uid=374&pid=10640
10537,110年1月12日天然災害停止辦公及上課情形,2021-01-13,2021-01-12,https://www.dgpa.gov.tw/information?uid=374&pid=10537
10536,110年1月8日天然災害停止辦公及上課情形,2021-01-13,2021-01-08,https://www.dgpa.gov.tw/information?uid=374&pid=10536
10525,109年12月31日天然災害停止辦公及上課情形,2021-01-04,2020-12-31,https://www.dgpa.gov.tw/information?uid=374&pid=10525
10524,109年12月30日天然災害停止辦公及上課情形,2020-12-31,2020-12-30,https://www.dgpa.gov.tw/information?uid=374&pid=10524
10307,109年11月7日天然災害停止辦公及上課情形,2020-11-09,2020-11-07,https://www.dgpa.gov.tw/information?uid=374&pid=10307
10304,109年11月6日天然災害停止辦公及上課情形,2020-11-06,2020-11-06,https://www.dgpa.gov.tw/information?uid=374&pid=10304
10303,109年11月5日天然災害停止辦公及上課情形,2020-11-06,2020-11-05,https://www.dgpa.gov.tw/information?uid=374&pid=10303
10261,109年8月27日天然災害停止辦公及上課情形,2020-08-28,2020-08-27,https://www.dgpa.gov.tw/information?uid=374&pid=10261
10259,109年8月26日天然災害停止辦公及上課情形,2020-08-27,2020-08-26,https://www.dgpa.gov.tw/information?uid=374&pid=10259
10247,109年8月11日天然災害停止辦公及上課情形,2020-08-12,2020-08-11,https://www.dgpa.gov.tw/information?uid=374&pid=10247
10246,109年8月10日天然災害停止辦公及上課情形,2020-08-11,2020-08-10,https://www.dgpa.gov.tw/information?uid=374&pid=10246
10162,109年5月23日天然災害停止辦公及上課情形,2020-05-25,2020-05-23,https://www.dgpa.gov.tw/information?uid=374&pid=10162
10161,109年5月22日天然災害停止辦公及上課情形,2020-05-25,2020-05-22,https://www.dgpa.gov.tw/information?uid=374&pid=10161
9921,108年10月31日天然災害停止辦公及上課情形,2019-11-01,2019-10-31,https://www.dgpa.gov.tw/information?uid=374&pid=9921
9894,108年10月1日天然災害停止辦公及上課情形,2019-10-02,2019-10-01,https://www.dgpa.gov.tw/information?uid=374&pid=9894
9889,108年9月30日天然災害停止辦公及上課情形,2019-10-01,2019-09-30,https://www.dgpa.gov.tw/information?uid=374&pid=9889
9821,108年8月25日天然災害停止辦公及上課情形,2019-08-26,2019-08-25,https://www.dgpa.gov.tw/information?uid=374&pid=9821
9820,108年8月24日天然災害停止辦公及上課情形,2019-08-26,2019-08-24,https://www.dgpa.gov.tw/information?uid=374&pid=9820
9819,108年8月23日天然災害停止辦公及上課情形,2019-08-26,2019-08-23,https://www.dgpa.gov.tw/information?uid=374&pid=9819
9815,108年8月16日天然災害停止辦公及上課情形,2019-08-19,2019-08-16,https://www.dgpa.gov.tw/information?uid=374&pid=9815
9814,108年8月15日天然災害停止辦公及上課情形,2019-08-16,2019-08-15,https://www.dgpa.gov.tw/information?uid=374&pid=9814
9812,108年8月13日天然災害停止辦公及上課情形,2019-08-14,2019-08-13,https://www.dgpa.gov.tw/information?uid=374&pid=9812
9807,108年8月12日天然災害停止辦公及上課情形,2019-08-13,2019-08-12,https://www.dgpa.gov.tw/information?uid=374&pid=9807
9805,108年8月11日天然災害停止辦公及上課情形,2019-08-12,2019-08-11,https://www.dgpa.gov.tw/information?uid=374&pid=9805
9804,108年8月10日天然災害停止辦公及上課情形,2019-08-12,2019-08-10,https://www.dgpa.gov.tw/information?uid=374&pid=9804
9803,108年8月9日天然災害停止辦公及上課情形,2019-08-12,2019-08-09,https://www.dgpa.gov.tw/information?uid=374&pid=9803
9802,108年8月8日天然災害停止辦公及上課情形,2019-08-12,2019-08-08,https://www.dgpa.gov.tw/information?uid=374&pid=9802
9793,108年7月17日天然災害停止辦公及上課情形,2019-07-18,2019-07-17,https://www.dgpa.gov.tw/information?uid=374&pid=9793
9765,108年6月14日天然災害停止辦公及上課情形,2019-06-17,2019-06-14,https://www.dgpa.gov.tw/information?uid=374&pid=9765
9727,108年5月20日天然災害停止辦公及上課情形,2019-05-21,2019-05-20,https://www.dgpa.gov.tw/information?uid=374&pid=9727
9725,108年5月17日天然災害停止辦公及上課情形,2019-05-20,2019-05-17,https://www.dgpa.gov.tw/information?uid=374&pid=9725
9679,108年3月21日天然災害停止辦公及上課情形,2019-03-22,2019-03-21,https://www.dgpa.gov.tw/information?uid=374&pid=9679
9547,108年1月18日天然災害停止辦公及上課情形,2019-01-19,2019-01-18,https://www.dgpa.gov.tw/information?uid=374&pid=9547
9273,107年11月1日天然災害停止辦公及上課情形,2018-11-02,2018-11-01,https://www.dgpa.gov.tw/information?uid=374&pid=9273
9234,107年9月16日天然災害停止辦公及上課情形,2018-09-17,2018-09-16,https://www.dgpa.gov.tw/information?uid=374&pid=9234
9233,107年9月15日天然災害停止辦公及上課情形,2018-09-17,2018-09-15,https://www.dgpa.gov.tw/information?uid=374&pid=9233
9232,107年9月14日天然災害停止辦公及上課情形,2018-09-17,2018-09-14,https://www.dgpa.gov.tw/information?uid=374&pid=9232
9224,107年9月10日天然災害停止辦公及上課情形,2018-09-11,2018-09-10,https://www.dgpa.gov.tw/information?uid=374&pid=9224
9208,107年8月28日天然災害停止辦公及上課情形,2018-08-29,2018-08-28,https://www.dgpa.gov.tw/information?uid=374&pid=9208
9207,107年8月27日天然災害停止辦公及上課情形,2018-08-28,2018-08-27,https://www.dgpa.gov.tw/information?uid=374&pid=9207
9205,107年8月26日天然災害停止辦公及上課情形,2018-08-27,2018-08-26,https://www.dgpa.gov.tw/information?uid=374&pid=9205
9204,107年8月25日天然災害停止辦公及上課情形,2018-08-27,2018-08-25,https://www.dgpa.gov.tw/information?uid=374&pid=9204
9203,107年8月24日天然災害停止辦公及上課情形,2018-08-27,2018-08-24,https://www.dgpa.gov.tw/information?uid=374&pid=9203
9201,107年8月23日天然災害停止辦公及上課情形,2018-08-24,2018-08-23,https://www.dgpa.gov.tw/information?uid=374&pid=9201
8169,107年7月11日天然災害停止辦公及上課情形,2018-07-11,2018-07-11,https://www.dgpa.gov.tw/information?uid=374&pid=8169
8162,107年7月10日天然災害停止辦公及上課情形,2018-07-10,2018-07-10,https://www.dgpa.gov.tw/information?uid=374&pid=8162
8152,107年7月2日天然災害停止辦公及上課情形,2018-07-03,2018-07-02,https://www.dgpa.gov.tw/information?uid=374&pid=8152
8133,107年6月20日天然災害停止辦公及上課情形,2018-06-21,2018-06-20,https://www.dgpa.gov.tw/information?uid=374&pid=8133
8130,107年6月15日天然災害停止辦公及上課情形,2018-06-19,2018-06-15,https://www.dgpa.gov.tw/information?uid=374&pid=8130
8129,107年6月14日天然災害停止辦公及上課情形,2018-06-15,2018-06-14,https://www.dgpa.gov.tw/information?uid=374&pid=8129
8085,107年4月30日天然災害停止辦公及上課情形,2018-05-01,2018-04-30,https://www.dgpa.gov.tw/information?uid=374&pid=8085
8072,107年4月23日天然災害停止辦公及上課情形,2018-04-25,2018-04-23,https://www.dgpa.gov.tw/information?uid=374&pid=8072
7995,107年2月7日天然災害停止辦公及上課情形,2018-02-08,2018-02-07,https://www.dgpa.gov.tw/information?uid=374&pid=7995
7839,106年10月17日天然災害停止辦公及上課情形,2017-10-18,2017-10-17,https://www.dgpa.gov.tw/information?uid=374&pid=7839
7838,106年10月16日天然災害停止辦公及上課情形,2017-10-18,2017-10-16,https://www.dgpa.gov.tw/information?uid=374&pid=7838
7833,106年10月15日天然災害停止辦公及上課情形,2017-10-16,2017-10-15,https://www.dgpa.gov.tw/information?uid=374&pid=7833
7832,106年10月14日天然災害停止辦公及上課情形,2017-10-16,2017-10-14,https://www.dgpa.gov.tw/information?uid=374&pid=7832
7831,106年10月13日天然災害停止辦公及上課情形,2017-10-16,2017-10-13,https://www.dgpa.gov.tw/information?uid=374&pid=7831
7790,106年09月13日天然災害停止辦公及上課情形,2017-09-14,2017-09-13,https://www.dgpa.gov.tw/information?uid=374&pid=7790
7753,106年08月22日天然災害停止辦公及上課情形,2017-08-23,2017-08-22,https://www.dgpa.gov.tw/information?uid=374&pid=7753
7719,106年07月31日天然災害停止辦公及上課情形,2017-08-01,2017-07-31,https://www.dgpa.gov.tw/information?uid=374&pid=7719
7712,106年07月30日天然災害停止辦公及上課情形,2017-07-31,2017-07-30,https://www.dgpa.gov.tw/information?uid=374&pid=7712
7711,106年07月29日天然災害停止辦公及上課情形,2017-07-31,2017-07-29,https://www.dgpa.gov.tw/information?uid=374&pid=7711
7710,106年07月28日天然災害停止辦公及上課情形,2017-07-31,2017-07-28,https://www.dgpa.gov.tw/information?uid=374&pid=7710
7677,106年06月18日天然災害停止辦公及上課情形,2017-06-27,2017-06-18,https://www.dgpa.gov.tw/information?uid=374&pid=7677
7672,106年06月17日天然災害停止辦公及上課情形,2017-06-23,2017-06-17,https://www.dgpa.gov.tw/information?uid=374&pid=7672
7671,106年06月16日天然災害停止辦公及上課情形,2017-06-23,2017-06-16,https://www.dgpa.gov.tw/information?uid=374&pid=7671
7511,106年06月15日天然災害停止辦公及上課情形,2017-06-16,2017-06-15,https://www.dgpa.gov.tw/information?uid=374&pid=7511
7510,106年06月05日天然災害停止辦公及上課情形,2017-06-16,2017-06-05,https://www.dgpa.gov.tw/information?uid=374&pid=7510
7483,106年06月04日天然災害停止辦公及上課情形,2017-06-05,2017-06-04,https://www.dgpa.gov.tw/information?uid=374&pid=7483
7482,106年06月03日天然災害停止辦公及上課情形,2017-06-05,2017-06-03,https://www.dgpa.gov.tw/information?uid=374&pid=7482
7460,106年06月02日天然災害停止辦公及上課情形,2017-06-03,2017-06-02,https://www.dgpa.gov.tw/information?uid=374&pid=7460
7459,106年05月18日天然災害停止辦公及上課情形,2017-06-03,2017-05-18,https://www.dgpa.gov.tw/information?uid=374&pid=7459
7041,105年10月13日天然災害停止辦公及上課情形,2016-10-14,2016-10-13,https://www.dgpa.gov.tw/information?uid=374&pid=7041
7040,105年10月12日天然災害停止辦公及上課情形,2016-10-12,2016-10-12,https://www.dgpa.gov.tw/information?uid=374&pid=7040
7039,105年10月11日天然災害停止辦公及上課情形,2016-10-11,2016-10-11,https://www.dgpa.gov.tw/information?uid=374&pid=7039
7038,105年10月07日天然災害停止辦公及上課情形,2016-10-07,2016-10-07,https://www.dgpa.gov.tw/information?uid=374&pid=7038
7037,105年09月30日天然災害停止辦公及上課情形,2016-10-04,2016-09-30,https://www.dgpa.gov.tw/information?uid=374&pid=7037
7036,105年09月29日天然災害停止辦公及上課情形,2016-10-04,2016-09-29,https://www.dgpa.gov.tw/information?uid=374&pid=7036
7035,105年09月28日天然災害停止辦公及上課情形,2016-09-29,2016-09-28,https://www.dgpa.gov.tw/information?uid=374&pid=7035
7033,105年09月27日天然災害停止辦公及上課情形,2016-09-28,2016-09-27,https://www.dgpa.gov.tw/information?uid=374&pid=7033
7034,105年09月26日天然災害停止辦公及上課情形,2016-09-28,2016-09-26,https://www.dgpa.gov.tw/information?uid=374&pid=7034
7032,105年09月18日天然災害停止辦公及上課情形,2016-09-19,2016-09-18,https://www.dgpa.gov.tw/information?uid=374&pid=7032
7031,105年09月17日天然災害停止辦公及上課情形,2016-09-19,2016-09-17,https://www.dgpa.gov.tw/information?uid=374&pid=7031
7030,105年09月16日天然災害停止辦公及上課情形,2016-09-19,2016-09-16,https://www.dgpa.gov.tw/information?uid=374&pid=7030
7029,105年09月15日天然災害停止辦公及上課情形,2016-09-19,2016-09-15,https://www.dgpa.gov.tw/information?uid=374&pid=7029
7028,105年09月14日天然災害停止辦公及上課情形,2016-09-19,2016-09-14,https://www.dgpa.gov.tw/information?uid=374&pid=7028
7027,105年09月13日天然災害停止辦公及上課情形,2016-09-14,2016-09-13,https://www.dgpa.gov.tw/information?uid=374&pid=7027
7351,105年07月12日天然災害停止辦公及上課情形,2016-07-12,2016-07-12,https://www.dgpa.gov.tw/information?uid=374&pid=7351
7350,105年07月11日天然災害停止辦公及上課情形,2016-07-11,2016-07-11,https://www.dgpa.gov.tw/information?uid=374&pid=7350
7026,105年07月09日天然災害停止辦公及上課情形,2016-07-09,2016-07-09,https://www.dgpa.gov.tw/information?uid=374&pid=7026
7025,105年07月08日天然災害停止辦公及上課情形,2016-07-08,2016-07-08,https://www.dgpa.gov.tw/information?uid=374&pid=7025
7024,105年07月07日天然災害停止辦公及上課情形,2016-07-07,2016-07-07,https://www.dgpa.gov.tw/information?uid=374&pid=7024
7349,105年06月16日天然災害停止辦公及上課情形,2016-06-16,2016-06-16,https://www.dgpa.gov.tw/information?uid=374&pid=7349
7348,105年06月15日天然災害停止辦公及上課情形,2016-06-15,2016-06-15,https://www.dgpa.gov.tw/information?uid=374&pid=7348
7347,105年06月14日天然災害停止辦公及上課情形,2016-06-14,2016-06-14,https://www.dgpa.gov.tw/information?uid=374&pid=7347
7023,105年06月13日天然災害停止辦公及上課情形,2016-06-13,2016-06-13,https://www.dgpa.gov.tw/information?uid=374&pid=7023
7129,105年05月16日天然災害停止辦公及上課情形,2016-05-16,2016-05-16,https://www.dgpa.gov.tw/information?uid=374&pid=7129
7128,105年03月14日天然災害停止辦公及上課情形,2016-03-14,2016-03-14,https://www.dgpa.gov.tw/information?uid=374&pid=7128
7127,105年01月26日天然災害停止辦公及上課情形,2016-01-27,2016-01-26,https://www.dgpa.gov.tw/information?uid=374&pid=7127
7126,105年01月25日天然災害停止辦公及上課情形,2016-01-27,2016-01-25,https://www.dgpa.gov.tw/information?uid=374&pid=7126
7125,104年10月02日天然災害停止辦公及上課情形,2015-10-05,2015-10-02,https://www.dgpa.gov.tw/information?uid=374&pid=7125
7124,104年10月01日天然災害停止辦公及上課情形,2015-10-02,2015-10-01,https://www.dgpa.gov.tw/information?uid=374&pid=7124
7123,104年09月30日天然災害停止辦公及上課情形,2015-10-01,2015-09-30,https://www.dgpa.gov.tw/information?uid=374&pid=7123
7122,104年09月29日天然災害停止辦公及上課情形,2015-09-29,2015-09-29,https://www.dgpa.gov.tw/information?uid=374&pid=7122
7121,104年09月28日天然災害停止辦公及上課情形,2015-09-29,2015-09-28,https://www.dgpa.gov.tw/information?uid=374&pid=7121
7120,104年09月27日天然災害停止辦公及上課情形,2015-09-29,2015-09-27,https://www.dgpa.gov.tw/information?uid=374&pid=7120
7119,104年08月23日天然災害停止辦公及上課情形,2015-08-26,2015-08-23,https://www.dgpa.gov.tw/information?uid=374&pid=7119
7118,104年08月22日天然災害停止辦公及上課情形,2015-08-22,2015-08-22,https://www.dgpa.gov.tw/information?uid=374&pid=7118
7117,104年08月21日天然災害停止辦公及上課情形,2015-08-21,2015-08-21,https://www.dgpa.gov.tw/information?uid=374&pid=7117
7116,104年08月14日天然災害停止辦公及上課情形,2015-08-17,2015-08-14,https://www.dgpa.gov.tw/information?uid=374&pid=7116
7115,104年08月13日天然災害停止辦公及上課情形,2015-08-17,2015-08-13,https://www.dgpa.gov.tw/information?uid=374&pid=7115
7114,104年08月12日天然災害停止辦公及上課情形,2015-08-17,2015-08-12,https://www.dgpa.gov.tw/information?uid=374&pid=7114
7113,104年08月11日天然災害停止辦公及上課情形,2015-08-12,2015-08-11,https://www.dgpa.gov.tw/information?uid=374&pid=7113
7112,104年08月10日天然災害停止辦公及上課情形,2015-08-11,2015-08-10,https://www.dgpa.gov.tw/information?uid=374&pid=7112
7111,104年08月09日天然災害停止辦公及上課情形,2015-08-10,2015-08-09,https://www.dgpa.gov.tw/information?uid=374&pid=7111
7110,104年08月08日天然災害停止辦公及上課情形,2015-08-10,2015-08-08,https://www.dgpa.gov.tw/information?uid=374&pid=7110
7109,104年08月07日天然災害停止辦公及上課情形,2015-08-10,2015-08-07,https://www.dgpa.gov.tw/information?uid=374&pid=7109
7107,104年07月10日天然災害停止辦公及上課情形,2015-07-13,2015-07-10,https://www.dgpa.gov.tw/information?uid=374&pid=7107
7108,104年07月08日天然災害停止辦公及上課情形,2015-07-13,2015-07-08,https://www.dgpa.gov.tw/information?uid=374&pid=7108
7106,104年05月28日天然災害停止辦公及上課情形,2015-05-28,2015-05-28,https://www.dgpa.gov.tw/information?uid=374&pid=7106
7105,104年05月27日天然災害停止辦公及上課情形,2015-05-27,2015-05-27,https://www.dgpa.gov.tw/information?uid=374&pid=7105
7104,104年05月26日天然災害停止辦公及上課情形,2015-05-26,2015-05-26,https://www.dgpa.gov.tw/information?uid=374&pid=7104
7103,104年05月25日天然災害停止辦公及上課情形,2015-05-25,2015-05-25,https://www.dgpa.gov.tw/information?uid=374&pid=7103
7102,104年05月11日天然災害停止辦公及上課情形,2015-05-12,2015-05-11,https://www.dgpa.gov.tw/information?uid=374&pid=7102
7099,103年09月22日天然災害停止辦公及上課情形,2014-09-22,2014-09-22,https://www.dgpa.gov.tw/information?uid=374&pid=7099
7098,103年09月21日天然災害停止辦公及上課情形,2014-09-21,2014-09-21,https://www.dgpa.gov.tw/information?uid=374&pid=7098
7097,103年09月20日天然災害停止辦公及上課情形,2014-09-21,2014-09-20,https://www.dgpa.gov.tw/information?uid=374&pid=7097
7096,103年08月13日天然災害停止上班及上課情形,2014-08-13,2014-08-13,https://www.dgpa.gov.tw/information?uid=374&pid=7096
7095,103年08月12日天然災害停止上班及上課情形,2014-08-12,2014-08-12,https://www.dgpa.gov.tw/information?uid=374&pid=7095
7094,103年07月25日天然災害停止上班及上課情形,2014-07-25,2014-07-25,https://www.dgpa.gov.tw/information?uid=374&pid=7094
7093,103年07月24日天然災害停止上班及上課情形,2014-07-24,2014-07-24,https://www.dgpa.gov.tw/information?uid=374&pid=7093
7092,103年07月23日天然災害停止上班及上課情形,2014-07-23,2014-07-23,https://www.dgpa.gov.tw/information?uid=374&pid=7092
7091,103年07月22日天然災害停止上班及上課情形,2014-07-23,2014-07-22,https://www.dgpa.gov.tw/information?uid=374&pid=7091
7065,102年10月07日天然災害停止上班及上課情形,2013-10-07,2013-10-07,https://www.dgpa.gov.tw/information?uid=374&pid=7065
7064,102年10月06日天然災害停止上班及上課情形,2013-10-07,2013-10-06,https://www.dgpa.gov.tw/information?uid=374&pid=7064
7063,102年10月05日天然災害停止上班及上課情形,2013-10-07,2013-10-05,https://www.dgpa.gov.tw/information?uid=374&pid=7063
7066,102年09月27日天然災害停止上班及上課情形,2013-09-27,2013-09-27,https://www.dgpa.gov.tw/information?uid=374&pid=7066
7067,102年09月26日天然災害停止上班及上課情形,2013-09-26,2013-09-26,https://www.dgpa.gov.tw/information?uid=374&pid=7067
7068,102年09月25日天然災害停止上班及上課情形,2013-09-25,2013-09-25,https://www.dgpa.gov.tw/information?uid=374&pid=7068
7069,102年09月24日天然災害停止上班及上課情形,2013-09-24,2013-09-24,https://www.dgpa.gov.tw/information?uid=374&pid=7069
7070,102年09月23日天然災害停止上班及上課情形,2013-09-23,2013-09-23,https://www.dgpa.gov.tw/information?uid=374&pid=7070
7062,102年09月22日天然災害停止上班及上課情形,2013-09-23,2013-09-22,https://www.dgpa.gov.tw/information?uid=374&pid=7062
7061,102年09月21日天然災害停止上班及上課情形,2013-09-23,2013-09-21,https://www.dgpa.gov.tw/information?uid=374&pid=7061
7060,102年09月20日天然災害停止上班及上課情形,2013-09-23,2013-09-20,https://www.dgpa.gov.tw/information?uid=374&pid=7060
7071,102年09月06日天然災害停止上班及上課情形,2013-09-06,2013-09-06,https://www.dgpa.gov.tw/information?uid=374&pid=7071
7072,102年09月05日天然災害停止上班及上課情形,2013-09-05,2013-09-05,https://www.dgpa.gov.tw/information?uid=374&pid=7072
7073,102年09月04日天然災害停止上班及上課情形,2013-09-04,2013-09-04,https://www.dgpa.gov.tw/information?uid=374&pid=7073
7074,102年09月03日天然災害停止上班及上課情形,2013-09-03,2013-09-03,https://www.dgpa.gov.tw/information?uid=374&pid=7074
7075,102年09月02日天然災害停止上班及上課情形,2013-09-02,2013-09-02,https://www.dgpa.gov.tw/information?uid=374&pid=7075
7076,102年08月31日天然災害停止上班及上課情形,2013-08-31,2013-08-31,https://www.dgpa.gov.tw/information?uid=374&pid=7076
7132,102年08月30日天然災害停止上班及上課情形,2013-08-30,2013-08-30,https://www.dgpa.gov.tw/information?uid=374&pid=7132
7131,102年08月29日天然災害停止上班及上課情形,2013-08-29,2013-08-29,https://www.dgpa.gov.tw/information?uid=374&pid=7131
7130,102年08月28日天然災害停止上班及上課情形,2013-08-28,2013-08-28,https://www.dgpa.gov.tw/information?uid=374&pid=7130
7077,102年08月23日天然災害停止上班及上課情形,2013-08-23,2013-08-23,https://www.dgpa.gov.tw/information?uid=374&pid=7077
7059,102年08月22日天然災害停止上班及上課情形,2013-08-22,2013-08-22,https://www.dgpa.gov.tw/information?uid=374&pid=7059
7058,102年08月21日天然災害停止上班及上課情形,2013-08-21,2013-08-21,https://www.dgpa.gov.tw/information?uid=374&pid=7058
7078,102年07月15日天然災害停止上班及上課情形,2013-07-15,2013-07-15,https://www.dgpa.gov.tw/information?uid=374&pid=7078
7079,102年07月14日天然災害停止上班及上課情形,2013-07-14,2013-07-14,https://www.dgpa.gov.tw/information?uid=374&pid=7079
7057,102年07月13日天然災害停止上班及上課情形,2013-07-13,2013-07-13,https://www.dgpa.gov.tw/information?uid=374&pid=7057
7056,102年07月12日天然災害停止上班及上課情形,2013-07-12,2013-07-12,https://www.dgpa.gov.tw/information?uid=374&pid=7056
7080,102年06月21日天然災害停止上班及上課情形,2013-06-21,2013-06-21,https://www.dgpa.gov.tw/information?uid=374&pid=7080
7081,102年06月03日天然災害停止上班及上課情形,2013-06-03,2013-06-03,https://www.dgpa.gov.tw/information?uid=374&pid=7081
7082,102年05月24日天然災害停止上班及上課情形,2013-05-24,2013-05-24,https://www.dgpa.gov.tw/information?uid=374&pid=7082
7083,102年05月23日天然災害停止上班及上課情形,2013-05-23,2013-05-23,https://www.dgpa.gov.tw/information?uid=374&pid=7083
7084,102年05月22日天然災害停止上班及上課情形,2013-05-22,2013-05-22,https://www.dgpa.gov.tw/information?uid=374&pid=7084
7085,102年05月21日天然災害停止上班及上課情形,2013-05-21,2013-05-21,https://www.dgpa.gov.tw/information?uid=374&pid=7085
7086,102年05月20日天然災害停止上班及上課情形,2013-05-20,2013-05-20,https://www.dgpa.gov.tw/information?uid=374&pid=7086
7087,102年05月19日天然災害停止上班及上課情形,2013-05-19,2013-05-19,https://www.dgpa.gov.tw/information?uid=374&pid=7087
7088,102年05月18日天然災害停止上班及上課情形,2013-05-18,2013-05-18,https://www.dgpa.gov.tw/information?uid=374&pid=7088
7089,102年05月17日天然災害停止上班及上課情形,2013-05-17,2013-05-17,https://www.dgpa.gov.tw/information?uid=374&pid=7089
7054,101年08月28日天然災害停止辦公及上課情形,2012-08-29,2012-08-28,https://www.dgpa.gov.tw/information?uid=374&pid=7054
7053,101年08月27日天然災害停止辦公及上課情形,2012-08-28,2012-08-27,https://www.dgpa.gov.tw/information?uid=374&pid=7053
7052,101年08月25日天然災害停止辦公及上課情形,2012-08-27,2012-08-25,https://www.dgpa.gov.tw/information?uid=374&pid=7052
7051,101年08月24日天然災害停止辦公及上課情形,2012-08-24,2012-08-24,https://www.dgpa.gov.tw/information?uid=374&pid=7051
7050,101年08月23日天然災害停止辦公及上課情形,2012-08-23,2012-08-23,https://www.dgpa.gov.tw/information?uid=374&pid=7050
7049,101年08月03日天然災害停止辦公及上課情形,2012-08-03,2012-08-03,https://www.dgpa.gov.tw/information?uid=374&pid=7049
7048,101年08月02日天然災害停止辦公及上課情形,2012-08-03,2012-08-02,https://www.dgpa.gov.tw/information?uid=374&pid=7048
7047,101年08月01日天然災害停止辦公及上課情形,2012-08-03,2012-08-01,https://www.dgpa.gov.tw/information?uid=374&pid=7047
7046,101年06月21日天然災害停止辦公及上課情形,2012-06-22,2012-06-21,https://www.dgpa.gov.tw/information?uid=374&pid=7046
7045,101年06月20日天然災害停止辦公及上課情形,2012-06-22,2012-06-20,https://www.dgpa.gov.tw/information?uid=374&pid=7045
7044,101年06月14日天然災害停止辦公及上課情形,2012-06-14,2012-06-14,https://www.dgpa.gov.tw/information?uid=374&pid=7044
7043,101年06月13日天然災害停止辦公及上課情形,2012-06-14,2012-06-13,https://www.dgpa.gov.tw/information?uid=374&pid=7043
7042,101年06月12日天然災害停止辦公及上課情形,2012-06-14,2012-06-12,https://www.dgpa.gov.tw/information?uid=374&pid=7042
7021,100年08月31日天然災害停止辦公及上課情形,2011-08-31,2011-08-31,https://www.dgpa.gov.tw/information?uid=374&pid=7021
7020,100年08月30日天然災害停止辦公及上課情形,2011-08-30,2011-08-30,https://www.dgpa.gov.tw/information?uid=374&pid=7020
7019,100年08月29日天然災害停止辦公及上課情形,2011-08-30,2011-08-29,https://www.dgpa.gov.tw/information?uid=374&pid=7019
7018,100年08月28日天然災害停止辦公及上課情形,2011-08-30,2011-08-28,https://www.dgpa.gov.tw/information?uid=374&pid=7018
7100,100年03月11日天然災害停止辦公及上課情形,2011-03-11,2011-03-11,https://www.dgpa.gov.tw/information?uid=374&pid=7100
7017,99年10月23日天然災害停止辦公及上課情形,2010-10-25,2010-10-23,https://www.dgpa.gov.tw/information?uid=374&pid=7017
7016,99年10月22日天然災害停止辦公及上課情形,2010-10-25,2010-10-22,https://www.dgpa.gov.tw/information?uid=374&pid=7016
7015,99年10月21日天然災害停止辦公及上課情形,2010-10-25,2010-10-21,https://www.dgpa.gov.tw/information?uid=374&pid=7015
7013,99年09月20日天然災害停止辦公及上課情形,2010-09-20,2010-09-20,https://www.dgpa.gov.tw/information?uid=374&pid=7013
7012,99年09月19日天然災害停止辦公及上課情形,2010-09-20,2010-09-19,https://www.dgpa.gov.tw/information?uid=374&pid=7012
7011,99年09月18日天然災害停止辦公及上課情形,2010-09-20,2010-09-18,https://www.dgpa.gov.tw/information?uid=374&pid=7011
7014,99年09月10日天然災害停止辦公及上課情形,2010-09-10,2010-09-10,https://www.dgpa.gov.tw/information?uid=374&pid=7014
7010,99年09月09日天然災害停止辦公及上課情形,2010-09-10,2010-09-09,https://www.dgpa.gov.tw/information?uid=374&pid=7010
7009,99年09月02日天然災害停止辦公及上課情形,2010-09-02,2010-09-02,https://www.dgpa.gov.tw/information?uid=374&pid=7009
7008,99年09月01日天然災害停止辦公及上課情形,2010-09-02,2010-09-01,https://www.dgpa.gov.tw/information?uid=374&pid=7008
7007,99年08月31日天然災害停止辦公及上課情形,2010-09-02,2010-08-31,https://www.dgpa.gov.tw/information?uid=374&pid=7007
6948,98年10月06日天然災害停止辦公及上課情形,2009-10-06,2009-10-06,https://www.dgpa.gov.tw/information?uid=374&pid=6948
6947,98年10月05日天然災害停止辦公及上課情形,2009-10-06,2009-10-05,https://www.dgpa.gov.tw/information?uid=374&pid=6947
6946,98年10月04日天然災害停止辦公及上課情形,2009-10-06,2009-10-04,https://www.dgpa.gov.tw/information?uid=374&pid=6946
6945,98年08月10日天然災害停止辦公及上課情形,2009-08-10,2009-08-10,https://www.dgpa.gov.tw/information?uid=374&pid=6945
6944,98年08月09日天然災害停止辦公及上課情形,2009-08-10,2009-08-09,https://www.dgpa.gov.tw/information?uid=374&pid=6944
6943,98年08月08日天然災害停止辦公及上課情形,2009-08-10,2009-08-08,https://www.dgpa.gov.tw/information?uid=374&pid=6943
6942,98年08月07日天然災害停止辦公及上課情形,2009-08-10,2009-08-07,https://www.dgpa.gov.tw/information?uid=374&pid=6942
7006,98年06月22日天然災害停止辦公及上課情形,2009-06-22,2009-06-22,https://www.dgpa.gov.tw/information?uid=374&pid=7006
7005,98年06月21日天然災害停止辦公及上課情形,2009-06-22,2009-06-21,https://www.dgpa.gov.tw/information?uid=374&pid=7005
6949,97年09月29日天然災害停止辦公及上課情形,2008-09-29,2008-09-29,https://www.dgpa.gov.tw/information?uid=374&pid=6949
6950,97年09月28日天然災害停止辦公及上課情形,2008-09-28,2008-09-28,https://www.dgpa.gov.tw/information?uid=374&pid=6950
6951,97年09月15日天然災害停止辦公及上課情形,2008-09-15,2008-09-15,https://www.dgpa.gov.tw/information?uid=374&pid=6951
6952,97年09月14日天然災害停止辦公及上課情形,2008-09-14,2008-09-14,https://www.dgpa.gov.tw/information?uid=374&pid=6952
6953,97年09月13日天然災害停止辦公及上課情形,2008-09-13,2008-09-13,https://www.dgpa.gov.tw/information?uid=374&pid=6953
6954,97年09月12日天然災害停止辦公及上課情形,2008-09-12,2008-09-12,https://www.dgpa.gov.tw/information?uid=374&pid=6954
6955,97年07月29日天然災害停止辦公及上課情形,2008-07-29,2008-07-29,https://www.dgpa.gov.tw/information?uid=374&pid=6955
6956,97年07月28日天然災害停止辦公及上課情形,2008-07-28,2008-07-28,https://www.dgpa.gov.tw/information?uid=374&pid=6956
6957,97年07月27日天然災害停止辦公及上課情形,2008-07-27,2008-07-27,https://www.dgpa.gov.tw/information?uid=374&pid=6957
6958,97年07月19日天然災害停止辦公及上課情形,2008-07-19,2008-07-19,https://www.dgpa.gov.tw/information?uid=374&pid=6958
6959,97年07月18日天然災害停止辦公及上課情形,2008-07-18,2008-07-18,https://www.dgpa.gov.tw/information?uid=374&pid=6959
6960,97年07月17日天然災害停止辦公及上課情形,2008-07-17,2008-07-17,https://www.dgpa.gov.tw/information?uid=374&pid=6960
6961,96年10月7日天然災害停止辦公及上課情形,2007-10-07,2007-10-07,https://www.dgpa.gov.tw/information?uid=374&pid=6961
6962,96年10月6日天然災害停止辦公及上課情形,2007-10-06,2007-10-06,https://www.dgpa.gov.tw/information?uid=374&pid=6962
6963,96年09月18日天然災害停止辦公及上課情形,2007-09-18,2007-09-18,https://www.dgpa.gov.tw/information?uid=374&pid=6963
6964,96年08月19日天然災害停止辦公及上課情形,2007-08-19,2007-08-19,https://www.dgpa.gov.tw/information?uid=374&pid=6964
6965,96年08月18日天然災害停止辦公及上課情形,2007-08-18,2007-08-18,https://www.dgpa.gov.tw/information?uid=374&pid=6965
6966,96年08月17日天然災害停止辦公及上課情形,2007-08-17,2007-08-17,https://www.dgpa.gov.tw/information?uid=374&pid=6966
6967,96年08月09日天然災害停止辦公及上課情形,2007-08-09,2007-08-09,https://www.dgpa.gov.tw/information?uid=374&pid=6967
6968,96年08月08日天然災害停止辦公及上課情形,2007-08-08,2007-08-08,https://www.dgpa.gov.tw/information?uid=374&pid=6968
6969,95年08月09日天然災害停止辦公及上課情形,2006-08-09,2006-08-09,https://www.dgpa.gov.tw/information?uid=374&pid=6969
6970,95年07月25日天然災害停止辦公及上課情形,2006-07-25,2006-07-25,https://www.dgpa.gov.tw/information?uid=374&pid=6970
6971,95年07月24日天然災害停止辦公及上課情形,2006-07-24,2006-07-24,https://www.dgpa.gov.tw/information?uid=374&pid=6971
6972,95年07月14日天然災害停止辦公及上課情形,2006-07-14,2006-07-14,https://www.dgpa.gov.tw/information?uid=374&pid=6972
6973,95年07月13日天然災害停止辦公及上課情形,2006-07-13,2006-07-13,https://www.dgpa.gov.tw/information?uid=374&pid=6973
6974,95年05月18日天然災害停止辦公及上課情形,2006-05-18,2006-05-18,https://www.dgpa.gov.tw/information?uid=374&pid=6974
6975,94年09月01日天然災害停止辦公及上課情形,2005-09-01,2005-09-01,https://www.dgpa.gov.tw/information?uid=374&pid=6975
6976,94年08月31日天然災害停止辦公及上課情形,2005-08-31,2005-08-31,https://www.dgpa.gov.tw/information?uid=374&pid=6976
6977,94年08月05日天然災害停止辦公及上課情形,2005-08-05,2005-08-05,https://www.dgpa.gov.tw/information?uid=374&pid=6977
6978,94年07月19日天然災害停止辦公及上課情形,2005-07-19,2005-07-19,https://www.dgpa.gov.tw/information?uid=374&pid=6978
6979,94年07月18日天然災害停止辦公及上課情形,2005-07-18,2005-07-18,https://www.dgpa.gov.tw/information?uid=374&pid=6979
6980,93年12月03日天然災害停止辦公及上課情形,2004-12-03,2004-12-03,https://www.dgpa.gov.tw/information?uid=374&pid=6980
6981,93年10月25日天然災害停止辦公及上課情形,2004-10-25,2004-10-25,https://www.dgpa.gov.tw/information?uid=374&pid=6981
6982,93年08月26日天然災害停止辦公及上課情形,2004-08-26,2004-08-26,https://www.dgpa.gov.tw/information?uid=374&pid=6982
6983,93年08月25日天然災害停止辦公及上課情形,2004-08-25,2004-08-25,https://www.dgpa.gov.tw/information?uid=374&pid=6983
6984,93年08月24日天然災害停止辦公及上課情形,2004-08-24,2004-08-24,https://www.dgpa.gov.tw/information?uid=374&pid=6984
6985,93年08月12日天然災害停止辦公及上課情形,2004-08-12,2004-08-12,https://www.dgpa.gov.tw/information?uid=374&pid=6985
6986,93年07月02日天然災害停止辦公及上課情形,2004-07-02,2004-07-02,https://www.dgpa.gov.tw/information?uid=374&pid=6986
6987,93年07月01日天然災害停止辦公及上課情形,2004-07-01,2004-07-01,https://www.dgpa.gov.tw/information?uid=374&pid=6987
6988,93年06月09日天然災害停止辦公及上課情形,2004-06-09,2004-06-09,https://www.dgpa.gov.tw/information?uid=374&pid=6988
6989,92年11月03日天然災害停止辦公及上課情形,2003-11-03,2003-11-03,https://www.dgpa.gov.tw/information?uid=374&pid=6989
6990,92年09月02日天然災害停止辦公及上課情形,2003-09-02,2003-09-02,https://www.dgpa.gov.tw/information?uid=374&pid=6990
6991,92年09月01日天然災害停止辦公及上課情形,2003-09-01,2003-09-01,https://www.dgpa.gov.tw/information?uid=374&pid=6991
6992,92年08月20日天然災害停止辦公及上課情形,2003-08-20,2003-08-20,https://www.dgpa.gov.tw/information?uid=374&pid=6992
6993,92年08月04日天然災害停止辦公及上課情形,2003-08-04,2003-08-04,https://www.dgpa.gov.tw/information?uid=374&pid=6993
6994,91年09月06日天然災害停止辦公及上課情形,2002-09-06,2002-09-06,https://www.dgpa.gov.tw/information?uid=374&pid=6994
6995,91年07月10日天然災害停止辦公及上課情形,2002-07-10,2002-07-10,https://www.dgpa.gov.tw/information?uid=374&pid=6995
6996,91年07月09日天然災害停止辦公及上課情形,2002-07-09,2002-07-09,https://www.dgpa.gov.tw/information?uid=374&pid=6996
6997,90年09月27日天然災害停止辦公及上課情形,2001-09-27,2001-09-27,https://www.dgpa.gov.tw/information?uid=374&pid=6997
6998,90年09月26日天然災害停止辦公及上課情形,2001-09-26,2001-09-26,https://www.dgpa.gov.tw/information?uid=374&pid=6998
6999,90年09月25日天然災害停止辦公及上課情形,2001-09-25,2001-09-25,https://www.dgpa.gov.tw/information?uid=374&pid=6999
7000,90年09月19日天然災害停止辦公及上課情形,2001-09-19,2001-09-19,https://www.dgpa.gov.tw/information?uid=374&pid=7000
7001,90年09月18日天然災害停止辦公及上課情形,2001-09-18,2001-09-18,https://www.dgpa.gov.tw/information?uid=374&pid=7001
7002,90年09月17日天然災害停止辦公及上課情形,2001-09-17,2001-09-17,https://www.dgpa.gov.tw/information?uid=374&pid=7002
7003,90年07月31日天然災害停止辦公及上課情形,2001-07-31,2001-07-31,https://www.dgpa.gov.tw/information?uid=374&pid=7003
7004,90年07月30日天然災害停止辦公及上課情形,2001-07-30,2001-07-30,https://www.dgpa.gov.tw/information?uid=374&pid=7004
